{"cameraMode":{"drawMode":0,"name":"Shaded","section":"Shading Mode"},"sceneLighting":true,"audioPlay":false,"sceneViewState":{"m_AlwaysRefresh":false,"showFog":true,"showSkybox":true,"showFlares":true,"showImageEffects":true,"showParticleSystems":true,"showVisualEffectGraphs":true,"m_FxEnabled":true},"in2DMode":false,"pivot":{"x":-32.68317413330078,"y":-5.323271751403809,"z":7.6592326164245609},"rotation":{"x":0.10160142928361893,"y":0.1037309467792511,"z":-0.010499455034732819,"w":0.9894569516181946},"size":29.080371856689454,"orthographic":false}