{"cameraMode":{"drawMode":0,"name":"Shaded","section":"Shading Mode"},"sceneLighting":true,"audioPlay":false,"sceneViewState":{"m_AlwaysRefresh":false,"showFog":true,"showSkybox":true,"showFlares":true,"showImageEffects":true,"showParticleSystems":true,"showVisualEffectGraphs":true,"m_FxEnabled":true},"in2DMode":false,"pivot":{"x":54.12968063354492,"y":-2.422159194946289,"z":-7.330000877380371},"rotation":{"x":0.208785742521286,"y":0.0029317433945834638,"z":-0.0006682021194137633,"w":0.9780861735343933},"size":16.37537956237793,"orthographic":false}