{"cameraMode":{"drawMode":0,"name":"Shaded","section":"Shading Mode"},"sceneLighting":true,"audioPlay":false,"sceneViewState":{"m_AlwaysRefresh":false,"showFog":true,"showSkybox":true,"showFlares":true,"showImageEffects":true,"showParticleSystems":true,"showVisualEffectGraphs":true,"m_FxEnabled":true},"in2DMode":false,"pivot":{"x":-25.691871643066408,"y":-23.19866371154785,"z":134.26004028320313},"rotation":{"x":-0.08116515725851059,"y":0.03826666623353958,"z":-0.003153870115056634,"w":-0.9960664510726929},"size":79.23387908935547,"orthographic":false}