{"cameraMode":{"drawMode":0,"name":"Shaded","section":"Shading Mode"},"sceneLighting":true,"audioPlay":false,"sceneViewState":{"m_AlwaysRefresh":false,"showFog":true,"showSkybox":true,"showFlares":true,"showImageEffects":true,"showParticleSystems":true,"showVisualEffectGraphs":true,"m_FxEnabled":true},"in2DMode":false,"pivot":{"x":-44.60047149658203,"y":2.213388442993164,"z":5.182035446166992},"rotation":{"x":0.09006520360708237,"y":-0.05195372924208641,"z":0.004702027887105942,"w":0.9945864081382752},"size":18.637357711791993,"orthographic":false}