{"cameraMode":{"drawMode":0,"name":"Shaded","section":"Shading Mode"},"sceneLighting":true,"audioPlay":false,"sceneViewState":{"m_AlwaysRefresh":false,"showFog":true,"showSkybox":true,"showFlares":true,"showImageEffects":true,"showParticleSystems":true,"showVisualEffectGraphs":true,"m_FxEnabled":true},"in2DMode":false,"pivot":{"x":709.6326904296875,"y":171.49871826171876,"z":270.0461120605469},"rotation":{"x":0.03175407648086548,"y":-0.05843956023454666,"z":0.0018143586348742247,"w":0.9979100227355957},"size":471.4452209472656,"orthographic":false}