{"cameraMode":{"drawMode":0,"name":"Shaded","section":"Shading Mode"},"sceneLighting":true,"audioPlay":false,"sceneViewState":{"m_AlwaysRefresh":false,"showFog":true,"showSkybox":true,"showFlares":true,"showImageEffects":true,"showParticleSystems":true,"showVisualEffectGraphs":true,"m_FxEnabled":true},"in2DMode":false,"pivot":{"x":-80.09432220458985,"y":154.9796905517578,"z":152.96461486816407},"rotation":{"x":-0.26820215582847597,"y":0.04360387101769447,"z":-0.012155082076787949,"w":-0.9623083472251892},"size":3.6589882373809816,"orthographic":false}