{"cameraMode":{"drawMode":0,"name":"Shaded","section":"Shading Mode"},"sceneLighting":true,"audioPlay":false,"sceneViewState":{"m_AlwaysRefresh":false,"showFog":true,"showSkybox":true,"showFlares":true,"showImageEffects":true,"showParticleSystems":true,"showVisualEffectGraphs":true,"m_FxEnabled":true},"in2DMode":false,"pivot":{"x":-264.3495178222656,"y":-169.73475646972657,"z":214.44627380371095},"rotation":{"x":-0.29097768664360049,"y":0.11075520515441895,"z":-0.03393363580107689,"w":-0.9496949911117554},"size":332.38568115234377,"orthographic":false}