{"cameraMode":{"drawMode":0,"name":"Shaded","section":"Shading Mode"},"sceneLighting":true,"audioPlay":false,"sceneViewState":{"m_AlwaysRefresh":false,"showFog":true,"showSkybox":true,"showFlares":true,"showImageEffects":true,"showParticleSystems":true,"showVisualEffectGraphs":true,"m_FxEnabled":true},"in2DMode":false,"pivot":{"x":-49.71707534790039,"y":0.5577507615089417,"z":-10.047569274902344},"rotation":{"x":0.25692641735076907,"y":-0.0025802701711654665,"z":0.0007230959599837661,"w":0.9665609002113342},"size":2.932605028152466,"orthographic":false}