{"cameraMode":{"drawMode":0,"name":"Shaded","section":"Shading Mode"},"sceneLighting":true,"audioPlay":false,"sceneViewState":{"m_AlwaysRefresh":false,"showFog":true,"showSkybox":true,"showFlares":true,"showImageEffects":true,"showParticleSystems":true,"showVisualEffectGraphs":true,"m_FxEnabled":true},"in2DMode":false,"pivot":{"x":-52.997859954833987,"y":-1.6627604961395264,"z":-3.5699148178100588},"rotation":{"x":-0.13609851896762849,"y":0.21281082928180695,"z":-0.02994847670197487,"w":-0.9671053290367127},"size":10.446915626525879,"orthographic":false}